ID,Space ID,Space Name,Status,Name,Financial Account ID,Amount,Currency,Total Charge Amount,Reference,Channel Txn Reference,Order Number,Create Time
spm-k6UwkRtv97m4wnCvbVCpdvttF6z,spc-XERxzWtsENb8owrX1W9Xbbv7A,WATU SL,completed,,fac-XERy11NZhrCmjB7sfBpVxjFKz,10000,SLE,80,SIMU-50JDA9CTCY,MP260916.0058.B15850,B9UM6VJ9HBG2,Wed Sep 16 2026 00:58:19 GMT+0000 (Greenwich Mean Time)
spm-k6UwkRtBXwwRsU98Cfc2mEnurGc,spc-k6NYcPTHdLqXhHrYtcCG5JtMkJ3,Flot,completed,Transfer to 23233825179,fac-k6NYcPUAMEefGeP4R3wd4Y9PxfL,1523,SLE,15,8976d2a0-6e05-40f4-9ca1-40addc965a54,MP260916.0058.B15849,3K8F83LCXFR7,Wed Sep 16 2026 00:58:19 GMT+0000 (Greenwich Mean Time)
spm-k6UwkNBw28m4wDyXBs6iamUFzzQ,spc-W6MtXsvenmgYWzcXfLcyY83Ts,ELEPHANT BET,completed,Monime deposit,fac-d6AyS75MKuYuySHBk6CN8wN4fFr,500,SLE,10,3507455239,MP260916.0057.B15825,TA8A9CV2P943,Wed Sep 16 2026 00:57:29 GMT+0000 (Greenwich Mean Time)
spm-k6UwkMEKx4MPHVTXKww83nSwjQ7,spc-W6MtXsvenmgYWzcXfLcyY83Ts,ELEPHANT BET,completed,Monime deposit,fac-d6AyS75MKuYuySHBk6CN8wN4fFr,3000,SLE,60,3507453191,MP260916.0057.B15816,22H6D4J37NP5,Wed Sep 16 2026 00:57:16 GMT+0000 (Greenwich Mean Time)
spm-k6UwkLqmtFwT3kUErvEUdMopjps,spc-W6MtXsvenmgYWzcXfLcyY83Ts,ELEPHANT BET,completed,Monime deposit,fac-d6AyS75MKuYuySHBk6CN8wN4fFr,3900,SLE,78,3507454142,MP260916.0057.B15813,8TCGNGWW97N1,Wed Sep 16 2026 00:57:11 GMT+0000 (Greenwich Mean Time)
spm-k6UwkKovuSiHiojRKD9p5EJyit3,spc-XERxzWtsENb8owrX1W9Xbbv7A,WATU SL,completed,,fac-XERy11NZhrCmjB7sfBpVxjFKz,4400,SLE,35,SIMU-40-5AD05DMVSR,MP260916.0056.A83621,ATBCL1G1P7A7,Wed Sep 16 2026 00:56:57 GMT+0000 (Greenwich Mean Time)
spm-k6UwkKA4QWuNpzuuTuCfkhs3G9J,spc-XERxzWtsENb8owrX1W9Xbbv7A,WATU SL,completed,,fac-XERy11NZhrCmjB7sfBpVxjFKz,11200,SLE,90,SIMU-40-5C46TZ8NE1,MP260916.0056.B15800,XD1KT2YD3K61,Wed Sep 16 2026 00:56:48 GMT+0000 (Greenwich Mean Time)
spm-k6UwkJrayGrQk3YrCci4Fbv4oAx,spc-XERxzWtsENb8owrX1W9Xbbv7A,WATU SL,completed,,fac-XERy11NZhrCmjB7sfBpVxjFKz,3900,SLE,31,SIMU-4ZWV9C3SZQ,MP260916.0056.B15796,BVX82Z9BAE17,Wed Sep 16 2026 00:56:44 GMT+0000 (Greenwich Mean Time)
spm-k6UwkJSnRHMXhR66kGYaj9sL8XX,spc-XERxzWtsENb8owrX1W9Xbbv7A,WATU SL,completed,,fac-XERy11NZhrCmjB7sfBpVxjFKz,3000,SLE,24,SIMU-40-55Z5CPM54M,MP260916.0056.A11750,Y688FEGF9E89,Wed Sep 16 2026 00:56:38 GMT+0000 (Greenwich Mean Time)
spm-k6UwkJ87MLtAvZ6waz3kLDd5HMb,spc-W6MtXsvenmgYWzcXfLcyY83Ts,ELEPHANT BET,completed,Monime deposit,fac-d6AyS75MKuYuySHBk6CN8wN4fFr,4000,SLE,80,3507452096,MP260916.0056.B01041,E32EKFXG7AV7,Wed Sep 16 2026 00:56:34 GMT+0000 (Greenwich Mean Time)
spm-k6UwkHSNVvbdXbVp42FfiFm42c1,spc-W6MtXsvenmgYWzcXfLcyY83Ts,ELEPHANT BET,completed,Monime deposit,fac-d6AyS75MKuYuySHBk6CN8wN4fFr,5000,SLE,100,3507452722,MP260916.0056.B00999,6G8D97X231E5,Wed Sep 16 2026 00:56:25 GMT+0000 (Greenwich Mean Time)
spm-k6UwkHEvZRcP2Be1S5eH1d3CpbH,spc-XERxzWtsENb8owrX1W9Xbbv7A,WATU SL,completed,,fac-XERy11NZhrCmjB7sfBpVxjFKz,3700,SLE,30,SIMU-55SNEG5LZW,MP260916.0056.B15780,JYLZD66111C2,Wed Sep 16 2026 00:56:22 GMT+0000 (Greenwich Mean Time)
spm-k6UwkH5H4cLoLNyU1GBQuVfiTpz,spc-W6MtXsvenmgYWzcXfLcyY83Ts,ELEPHANT BET,completed,Monime deposit,fac-d6AyS75MKuYuySHBk6CN8wN4fFr,2000,SLE,40,3507452021,MP260916.0056.A11740,U7D2X1UUX1G1,Wed Sep 16 2026 00:56:20 GMT+0000 (Greenwich Mean Time)
spm-k6UwkGDT5aC7AyHGh37STi1zLqv,spc-W6MtXsvenmgYWzcXfLcyY83Ts,ELEPHANT BET,completed,Monime deposit,fac-d6AyS75MKuYuySHBk6CN8wN4fFr,200000,SLE,4000,3507451990,MP260916.0056.B15772,TYAGVGEJERX1,Wed Sep 16 2026 00:56:08 GMT+0000 (Greenwich Mean Time)
spm-k6UwkFggbznrbXCFCX1XQQ8wHSR,spc-XERxzWtsENb8owrX1W9Xbbv7A,WATU SL,completed,,fac-XERy11NZhrCmjB7sfBpVxjFKz,2500,SLE,20,SIMU-50GW8YDQ1H,MP260916.0055.B00884,9AX1DVBTJGQ4,Wed Sep 16 2026 00:56:01 GMT+0000 (Greenwich Mean Time)
spm-k6UwkFBdaHzsi8dBmHEmXn78L4C,spc-k6Na8aQpNg1vC28Sc7JzjCmM7iw,Latania Limited,completed,00007-017-1751872387,fac-k6Na8aVpGtfbJMDRtxxSBr6x59g,10000,SLE,250,00007-017-1751872387,MP260916.0055.B15756,G9R21R2ZR415,Wed Sep 16 2026 00:55:54 GMT+0000 (Greenwich Mean Time)
spm-k6UwkEtQ4g5Db4AQQwMHWzqMtvq,spc-XERxzWtsENb8owrX1W9Xbbv7A,WATU SL,completed,,fac-XERy11NZhrCmjB7sfBpVxjFKz,1500,SLE,12,SIMU-40-59ZLMKJUWP,MP260916.0055.B15755,HA3NYA3RN8B3,Wed Sep 16 2026 00:55:50 GMT+0000 (Greenwich Mean Time)
spm-k6UwkESXoQuhA5tKo3TuGb7hVzK,spc-k6Na8aQpNg1vC28Sc7JzjCmM7iw,Latania Limited,completed,00007-017-1751872679,fac-k6Na8aVpGtfbJMDRtxxSBr6x59g,17000,SLE,425,00007-017-1751872679,MP260916.0055.B00814,J7MMDW1FYPP9,Wed Sep 16 2026 00:55:44 GMT+0000 (Greenwich Mean Time)
spm-k6UwkDtLWYYnpuvjzupFk2He65X,spc-XERxzWtsENb8owrX1W9Xbbv7A,WATU SL,completed,,fac-XERy11NZhrCmjB7sfBpVxjFKz,1500,SLE,12,SIMU-40-58RP1L84C9,MP260916.0055.A11704,GMUR6NGGTUZ7,Wed Sep 16 2026 00:55:36 GMT+0000 (Greenwich Mean Time)
spm-k6UwkCxsFa8TszsCPyefYGnDh12,spc-W6MtXsvenmgYWzcXfLcyY83Ts,ELEPHANT BET,completed,Monime deposit,fac-d6AyS75MKuYuySHBk6CN8wN4fFr,300,SLE,6,3507447148,MP260916.0055.A11693,7HRM8GPQY639,Wed Sep 16 2026 00:55:24 GMT+0000 (Greenwich Mean Time)